date,retns
2007-01-03,-1.208%
2007-01-04,-0.428%
2007-01-05,-0.325%
2007-01-08,0.363%
2007-01-09,0.270%
2007-01-10,0.003%
2007-01-11,0.288%
2007-01-12,0.915%
2007-01-16,-0.230%
2007-01-17,-0.385%
2007-01-18,-0.770%
2007-01-19,0.755%
2007-01-22,-0.165%
2007-01-23,1.080%
2007-01-24,0.768%
2007-01-25,-0.418%
2007-01-26,0.265%
2007-01-29,-0.890%
2007-01-30,0.550%
2007-01-31,0.975%
2007-02-01,0.223%
2007-02-02,-0.433%
2007-02-05,0.223%
2007-02-06,-0.020%
2007-02-07,-0.255%
2007-02-08,0.660%
2007-02-09,-0.533%
2007-02-12,-0.830%
2007-02-13,0.428%
2007-02-14,0.283%
2007-02-15,0.023%
2007-02-16,-0.203%
2007-02-20,0.023%
2007-02-21,0.245%
2007-02-22,-0.498%
2007-02-23,-0.475%
2007-02-26,0.353%
2007-02-27,-2.715%
2007-02-28,0.358%
2007-03-01,-0.695%
2007-03-02,-1.033%
2007-03-05,-0.920%
2007-03-06,1.250%
2007-03-07,-0.558%
2007-03-08,-0.315%
2007-03-09,-0.625%
2007-03-12,0.398%
2007-03-13,-1.620%
2007-03-14,0.658%
2007-03-15,0.705%
2007-03-16,0.353%
2007-03-19,0.225%
2007-03-20,0.715%
2007-03-21,0.918%
2007-03-22,0.140%
2007-03-23,0.320%
2007-03-26,0.870%
2007-03-27,-0.525%
2007-03-28,-0.393%
2007-03-29,0.183%
2007-03-30,-0.370%
2007-04-02,1.045%
2007-04-03,0.885%
2007-04-04,0.540%
2007-04-05,-0.055%
2007-04-09,0.150%
2007-04-10,0.323%
2007-04-11,-0.320%
2007-04-12,0.340%
2007-04-13,0.568%
2007-04-16,-0.255%
2007-04-17,0.365%
2007-04-18,-0.330%
2007-04-19,-0.658%
2007-04-20,0.620%
2007-04-23,-0.288%
2007-04-24,0.298%
2007-04-25,0.970%
2007-04-26,-0.820%
2007-04-27,0.178%
2007-04-30,-0.875%
2007-05-01,-0.070%
2007-05-02,0.455%
2007-05-03,0.130%
2007-05-04,-0.228%
2007-05-07,0.705%
2007-05-08,-0.135%
2007-05-09,0.283%
2007-05-10,-1.263%
2007-05-11,0.653%
2007-05-14,-0.665%
2007-05-15,0.258%
2007-05-16,0.273%
2007-05-17,-0.295%
2007-05-18,0.690%
2007-05-21,0.485%
2007-05-22,-0.405%
2007-05-23,0.765%
2007-05-24,-0.880%
2007-05-25,0.423%
2007-05-29,0.053%
2007-05-30,0.835%
2007-05-31,0.758%
2007-06-01,0.750%
2007-06-04,-0.143%
2007-06-05,0.150%
2007-06-06,-0.053%
2007-06-07,-1.125%
2007-06-08,0.803%
2007-06-11,0.208%
2007-06-12,-0.478%
2007-06-13,0.510%
2007-06-14,0.378%
2007-06-15,0.035%
2007-06-18,-0.015%
2007-06-19,0.378%
2007-06-20,-0.973%
2007-06-21,0.218%
2007-06-22,-0.183%
2007-06-25,-1.025%
2007-06-26,-0.190%
2007-06-27,-0.068%
2007-06-28,0.050%
2007-06-29,0.373%
2007-07-02,1.293%
2007-07-03,0.183%
2007-07-05,0.283%
2007-07-06,0.375%
2007-07-09,0.305%
2007-07-10,-0.393%
2007-07-11,0.048%
2007-07-12,0.873%
2007-07-13,0.645%
2007-07-16,-0.813%
2007-07-17,0.150%
2007-07-18,0.408%
2007-07-19,0.840%
2007-07-20,-0.393%
2007-07-23,0.123%
2007-07-24,-2.035%
2007-07-25,-0.205%
2007-07-26,-1.678%
2007-07-27,-0.718%
2007-07-30,0.695%
2007-07-31,-0.330%
2007-08-01,-0.473%
2007-08-02,0.648%
2007-08-03,-0.865%
2007-08-06,0.735%
2007-08-07,-0.175%
2007-08-08,0.908%
2007-08-09,-1.958%
2007-08-10,0.420%
2007-08-13,-0.515%
2007-08-14,-1.738%
2007-08-15,-0.665%
2007-08-16,-1.140%
2007-08-17,0.975%
2007-08-20,0.290%
2007-08-21,0.193%
2007-08-22,1.090%
2007-08-23,-0.730%
2007-08-24,0.425%
2007-08-27,-0.880%
2007-08-28,-1.423%
2007-08-29,1.508%
2007-08-30,0.103%
2007-08-31,0.555%
2007-09-04,1.098%
2007-09-05,-1.165%
2007-09-06,1.350%
2007-09-07,-0.225%
2007-09-10,0.400%
2007-09-11,1.435%
2007-09-12,-0.035%
2007-09-13,0.693%
2007-09-14,-0.368%
2007-09-17,-0.018%
2007-09-18,2.960%
2007-09-19,0.338%
2007-09-20,0.580%
2007-09-21,-0.503%
2007-09-24,-0.350%
2007-09-25,-0.643%
2007-09-26,-0.393%
2007-09-27,0.553%
2007-09-28,0.155%
2007-10-01,1.183%
2007-10-02,-1.183%
2007-10-03,0.150%
2007-10-04,0.385%
2007-10-05,0.420%
2007-10-08,-0.453%
2007-10-09,1.045%
2007-10-10,0.425%
2007-10-11,-0.168%
2007-10-12,0.440%
2007-10-15,-0.745%
2007-10-16,-0.980%
2007-10-17,-1.880%
2007-10-18,0.983%
2007-10-19,-1.458%
2007-10-22,-1.040%
2007-10-23,1.245%
2007-10-24,0.465%
2007-10-25,0.320%
2007-10-26,1.003%
2007-10-29,0.960%
2007-10-30,-1.323%
2007-10-31,0.998%
2007-11-01,-1.405%
2007-11-02,1.365%
2007-11-05,-0.413%
2007-11-06,0.798%
2007-11-07,-1.595%
2007-11-08,0.243%
2007-11-09,-0.213%
2007-11-12,-1.885%
2007-11-13,0.550%
2007-11-14,0.160%
2007-11-15,-1.660%
2007-11-16,0.430%
2007-11-19,-1.750%
2007-11-20,1.373%
2007-11-21,-1.855%
2007-11-23,2.128%
2007-11-26,-1.190%
2007-11-27,-0.145%
2007-11-28,1.963%
2007-11-29,-0.848%
2007-11-30,-0.123%
2007-12-03,-0.155%
2007-12-04,0.253%
2007-12-05,1.300%
2007-12-06,0.833%
2007-12-07,-1.568%
2007-12-10,1.198%
2007-12-11,-0.725%
2007-12-12,1.300%
2007-12-13,-0.973%
2007-12-14,-0.908%
2007-12-17,-1.733%
2007-12-18,0.323%
2007-12-19,0.880%
2007-12-20,0.340%
2007-12-21,1.520%
2007-12-24,-0.238%
2007-12-26,-0.055%
2007-12-27,-0.600%
2007-12-28,0.140%
2007-12-31,-0.303%
2008-01-02,0.550%
2008-01-03,1.130%
2008-01-04,-1.300%
2008-01-07,-0.500%
2008-01-08,0.703%
2008-01-09,0.343%
2008-01-10,0.323%
2008-01-11,-0.878%
2008-01-14,0.948%
2008-01-15,-2.333%
2008-01-16,-1.610%
2008-01-17,-2.263%
2008-01-18,-0.693%
2008-01-22,1.950%
2008-01-23,-0.860%
2008-01-24,2.010%
2008-01-25,-0.018%
2008-01-28,1.660%
2008-01-29,-0.665%
2008-01-30,-0.503%
2008-01-31,0.045%
2008-02-01,-0.333%
2008-02-04,-0.950%
2008-02-05,-1.078%
2008-02-06,-0.490%
2008-02-07,-0.123%
2008-02-08,1.485%
2008-02-11,0.428%
2008-02-12,0.203%
2008-02-13,0.663%
2008-02-14,0.438%
2008-02-15,0.035%
2008-02-19,0.280%
2008-02-20,0.633%
2008-02-21,0.478%
2008-02-22,0.078%
2008-02-25,0.253%
2008-02-26,-0.050%
2008-02-27,-0.675%
2008-02-28,0.725%
2008-02-29,-1.128%
2008-03-03,1.490%
2008-03-04,-1.468%
2008-03-05,1.145%
2008-03-06,-1.185%
2008-03-07,-0.013%
2008-03-10,-2.440%
2008-03-11,2.918%
2008-03-12,-1.158%
2008-03-13,0.040%
2008-03-14,0.785%
2008-03-17,-1.335%
2008-03-18,-0.460%
2008-03-19,-1.473%
2008-03-20,-0.533%
2008-03-24,0.340%
2008-03-25,1.140%
2008-03-26,-0.593%
2008-03-27,-0.298%
2008-03-28,0.685%
2008-03-31,0.140%
2008-04-01,0.608%
2008-04-02,0.238%
2008-04-03,0.863%
2008-04-04,0.165%
2008-04-07,-0.355%
2008-04-08,-0.173%
2008-04-09,-0.040%
2008-04-10,0.618%
2008-04-11,-0.133%
2008-04-14,0.953%
2008-04-15,0.408%
2008-04-16,2.075%
2008-04-17,-0.090%
2008-04-18,-0.025%
2008-04-21,0.445%
2008-04-22,0.365%
2008-04-23,-0.400%
2008-04-24,-0.880%
2008-04-25,0.745%
2008-04-28,-0.460%
2008-04-29,-1.198%
2008-04-30,1.750%
2008-05-01,-0.418%
2008-05-02,1.085%
2008-05-05,0.038%
2008-05-06,0.793%
2008-05-07,-1.335%
2008-05-08,0.973%
2008-05-09,0.380%
2008-05-12,0.495%
2008-05-13,-0.480%
2008-05-14,-0.178%
2008-05-15,0.783%
2008-05-16,-0.785%
2008-05-19,0.958%
2008-05-20,-0.133%
2008-05-21,-1.718%
2008-05-22,0.668%
2008-05-23,0.528%
2008-05-27,0.323%
2008-05-28,0.328%
2008-05-29,-1.720%
2008-05-30,-0.303%
2008-06-02,-0.205%
2008-06-03,0.360%
2008-06-04,-1.110%
2008-06-05,1.875%
2008-06-06,0.628%
2008-06-09,-0.123%
2008-06-10,0.215%
2008-06-11,-0.038%
2008-06-12,-0.803%
2008-06-13,0.728%
2008-06-16,0.265%
2008-06-17,0.410%
2008-06-18,-0.523%
2008-06-19,0.090%
2008-06-20,-1.100%
2008-06-23,0.683%
2008-06-24,-0.755%
2008-06-25,-0.420%
2008-06-26,0.420%
2008-06-27,0.945%
2008-06-30,-0.633%
2008-07-01,0.390%
2008-07-02,-2.210%
2008-07-03,-0.005%
2008-07-07,-0.548%
2008-07-08,0.055%
2008-07-09,0.298%
2008-07-10,0.540%
2008-07-11,0.770%
2008-07-14,0.948%
2008-07-15,-0.155%
2008-07-16,0.078%
2008-07-17,-0.325%
2008-07-18,0.490%
2008-07-21,0.663%
2008-07-22,-1.113%
2008-07-23,-0.283%
2008-07-24,-1.928%
2008-07-25,0.680%
2008-07-28,-0.703%
2008-07-29,-0.363%
2008-07-30,-0.270%
2008-07-31,-0.258%
2008-08-01,-0.663%
2008-08-04,-1.425%
2008-08-05,-1.355%
2008-08-06,1.625%
2008-08-07,0.333%
2008-08-08,-1.373%
2008-08-11,-1.220%
2008-08-12,0.770%
2008-08-13,1.138%
2008-08-14,-1.168%
2008-08-15,-0.448%
2008-08-18,-0.185%
2008-08-19,0.903%
2008-08-20,0.370%
2008-08-21,1.235%
2008-08-22,-0.555%
2008-08-25,-1.030%
2008-08-26,0.210%
2008-08-27,1.578%
2008-08-28,-0.078%
2008-08-29,-1.088%
2008-09-02,-1.960%
2008-09-03,-0.523%
2008-09-04,-1.813%
2008-09-05,-0.855%
2008-09-08,-0.938%
2008-09-09,-3.430%
2008-09-10,2.493%
2008-09-11,-1.783%
2008-09-12,2.388%
2008-09-15,-3.960%
2008-09-16,0.935%
2008-09-17,2.455%
2008-09-18,1.095%
2008-09-19,2.398%
2008-09-22,-0.068%
2008-09-23,-1.030%
2008-09-24,-0.433%
2008-09-25,-1.578%
2008-09-26,0.960%
2008-09-29,-3.843%
2008-09-30,0.465%
2008-10-01,-0.203%
2008-10-02,-6.865%
2008-10-03,-0.420%
2008-10-06,-1.320%
2008-10-07,-1.180%
2008-10-08,3.980%
2008-10-09,-4.288%
2008-10-10,-2.618%
2008-10-13,3.488%
2008-10-14,0.748%
2008-10-15,-5.618%
2008-10-16,-1.625%
2008-10-17,-1.915%
2008-10-20,3.378%
2008-10-21,-3.773%
2008-10-22,-4.033%
2008-10-23,-1.523%
2008-10-24,0.755%
2008-10-27,-2.208%
2008-10-28,5.633%
2008-10-29,1.965%
2008-10-30,1.528%
2008-10-31,-2.618%
2008-11-03,-0.665%
2008-11-04,4.428%
2008-11-05,-2.235%
2008-11-06,-3.715%
2008-11-07,1.278%
2008-11-10,-0.040%
2008-11-11,-1.300%
2008-11-12,-4.060%
2008-11-13,3.750%
2008-11-14,-4.218%
2008-11-17,-2.090%
2008-11-18,-2.028%
2008-11-19,-1.998%
2008-11-20,-0.345%
2008-11-21,5.193%
2008-11-24,2.333%
2008-11-25,-0.055%
2008-11-26,-0.100%
2008-11-28,-1.133%
2008-12-01,-5.780%
2008-12-02,1.545%
2008-12-03,-0.893%
2008-12-04,-0.938%
2008-12-05,-1.058%
2008-12-08,3.393%
2008-12-09,-0.815%
2008-12-10,2.305%
2008-12-11,-3.098%
2008-12-12,-0.235%
2008-12-15,-1.438%
2008-12-16,0.535%
2008-12-17,-0.365%
2008-12-18,-1.858%
2008-12-19,0.840%
2008-12-22,-1.293%
2008-12-23,-1.123%
2008-12-24,-0.548%
2008-12-26,0.520%
2008-12-29,2.748%
2008-12-30,2.365%
2008-12-31,3.043%
2009-01-02,0.070%
2009-01-05,-1.053%
2009-01-06,0.133%
2009-01-07,-2.168%
2009-01-08,-0.423%
2009-01-09,-2.180%
2009-01-12,-3.393%
2009-01-13,1.118%
2009-01-14,-1.900%
2009-01-15,0.953%
2009-01-16,3.278%
2009-01-20,-0.653%
2009-01-21,1.913%
2009-01-22,-0.658%
2009-01-23,0.958%
2009-01-26,0.300%
2009-01-27,1.338%
2009-01-28,1.918%
2009-01-29,-1.498%
2009-01-30,0.860%
2009-02-02,-0.535%
2009-02-03,-0.645%
2009-02-04,0.828%
2009-02-05,1.128%
2009-02-06,-1.225%
2009-02-09,-2.463%
2009-02-10,-1.260%
2009-02-11,3.053%
2009-02-12,-1.185%
2009-02-13,0.605%
2009-02-17,-0.213%
2009-02-18,-0.343%
2009-02-19,-1.208%
2009-02-20,0.880%
2009-02-23,-0.805%
2009-02-24,-0.800%
2009-02-25,-0.123%
2009-02-26,-0.873%
2009-02-27,-0.708%
2009-03-02,-2.200%
2009-03-03,-0.848%
2009-03-04,0.680%
2009-03-05,1.480%
2009-03-06,1.453%
2009-03-09,-1.520%
2009-03-10,0.703%
2009-03-11,0.388%
2009-03-12,2.105%
2009-03-13,1.265%
2009-03-16,-5.665%
2009-03-17,1.058%
2009-03-18,2.505%
2009-03-19,1.235%
2009-03-20,-0.278%
2009-03-23,2.483%
2009-03-24,-1.123%
2009-03-25,1.053%
2009-03-26,0.990%
2009-03-27,-1.333%
2009-03-30,-2.428%
2009-03-31,1.518%
2009-04-01,2.748%
2009-04-02,-0.078%
2009-04-03,-1.643%
2009-04-06,-1.543%
2009-04-07,0.323%
2009-04-08,-0.195%
2009-04-09,0.603%
2009-04-13,0.148%
2009-04-14,-0.575%
2009-04-15,1.290%
2009-04-16,-1.830%
2009-04-17,-0.393%
2009-04-20,-1.058%
2009-04-21,-0.388%
2009-04-22,0.775%
2009-04-23,0.000%
2009-04-24,2.335%
2009-04-27,0.415%
2009-04-28,-0.385%
2009-04-29,1.938%
2009-04-30,-0.865%
2009-05-01,-0.743%
2009-05-04,2.588%
2009-05-05,1.995%
2009-05-06,1.245%
2009-05-07,-1.278%
2009-05-08,1.165%
2009-05-11,-1.378%
2009-05-12,0.365%
2009-05-13,-0.458%
2009-05-14,1.093%
2009-05-15,-0.065%
2009-05-18,0.738%
2009-05-19,1.283%
2009-05-20,3.200%
2009-05-21,0.318%
2009-05-22,1.930%
2009-05-26,0.343%
2009-05-27,-2.565%
2009-05-28,3.270%
2009-05-29,0.008%
2009-06-01,-1.085%
2009-06-02,2.328%
2009-06-03,-1.015%
2009-06-04,2.070%
2009-06-05,-1.053%
2009-06-08,0.128%
2009-06-09,-0.630%
2009-06-10,-0.590%
2009-06-11,-0.028%
2009-06-12,-0.993%
2009-06-15,-1.660%
2009-06-16,1.140%
2009-06-17,-0.580%
2009-06-18,-0.768%
2009-06-19,-0.435%
2009-06-22,-2.375%
2009-06-23,0.140%
2009-06-24,0.538%
2009-06-25,1.728%
2009-06-26,-0.770%
2009-06-29,0.090%
2009-06-30,-0.835%
2009-07-01,1.285%
2009-07-02,-1.040%
2009-07-06,-1.908%
2009-07-07,0.190%
2009-07-08,-1.033%
2009-07-09,0.843%
2009-07-10,0.898%
2009-07-13,2.000%
2009-07-14,0.530%
2009-07-15,2.200%
2009-07-16,0.058%
2009-07-17,-0.928%
2009-07-20,2.128%
2009-07-21,0.970%
2009-07-22,0.020%
2009-07-23,0.680%
2009-07-24,0.180%
2009-07-27,-0.043%
2009-07-28,-1.228%
2009-07-29,-1.453%
2009-07-30,2.338%
2009-07-31,2.090%
2009-08-03,1.633%
2009-08-04,-0.863%
2009-08-05,1.298%
2009-08-06,-0.938%
2009-08-07,-1.068%
2009-08-10,-0.063%
2009-08-11,-1.470%
2009-08-12,0.798%
2009-08-13,0.003%
2009-08-14,-1.050%
2009-08-17,-2.318%
2009-08-18,0.575%
2009-08-19,1.288%
2009-08-20,-0.240%
2009-08-21,-0.080%
2009-08-24,0.073%
2009-08-25,0.475%
2009-08-26,-0.095%
2009-08-27,-0.015%
2009-08-28,0.390%
2009-08-31,-1.845%
2009-09-01,-0.528%
2009-09-02,2.283%
2009-09-03,0.940%
2009-09-04,0.313%
2009-09-08,-1.405%
2009-09-09,-0.153%
2009-09-10,1.338%
2009-09-11,0.620%
2009-09-14,0.318%
2009-09-15,0.550%
2009-09-16,1.565%
2009-09-17,-0.025%
2009-09-18,-0.330%
2009-09-21,-0.818%
2009-09-22,0.618%
2009-09-23,-1.120%
2009-09-24,-0.978%
2009-09-25,-0.513%
2009-09-28,0.410%
2009-09-29,-0.910%
2009-09-30,1.415%
2009-10-01,-1.345%
2009-10-02,0.898%
2009-10-05,0.710%
2009-10-06,2.665%
2009-10-07,0.928%
2009-10-08,0.468%
2009-10-09,-0.575%
2009-10-12,0.708%
2009-10-13,0.998%
2009-10-14,0.175%
2009-10-15,-1.190%
2009-10-16,-1.018%
2009-10-19,1.183%
2009-10-20,-0.398%
2009-10-21,-0.073%
2009-10-22,1.118%
2009-10-23,-1.028%
2009-10-26,-2.003%
2009-10-27,0.148%
2009-10-28,-2.548%
2009-10-29,2.120%
2009-10-30,-1.610%
2009-11-02,0.488%
2009-11-03,1.533%
2009-11-04,0.013%
2009-11-05,0.373%
2009-11-06,0.998%
2009-11-09,1.463%
2009-11-10,-0.058%
2009-11-11,-0.273%
2009-11-12,-1.593%
2009-11-13,1.053%
2009-11-16,2.010%
2009-11-17,-0.070%
2009-11-18,-0.605%
2009-11-19,-0.578%
2009-11-20,-0.218%
2009-11-23,0.173%
2009-11-24,-1.030%
2009-11-25,0.483%
2009-11-27,-0.748%
2009-11-30,0.550%
2009-12-01,2.630%
2009-12-02,0.865%
2009-12-03,-1.295%
2009-12-04,-1.408%
2009-12-07,0.138%
2009-12-08,-0.875%
2009-12-09,1.795%
2009-12-10,-0.133%
2009-12-11,0.468%
2009-12-14,0.323%
2009-12-15,-1.245%
2009-12-16,1.013%
2009-12-17,-0.490%
2009-12-18,1.355%
2009-12-21,-0.088%
2009-12-22,1.115%
2009-12-23,0.915%
2009-12-24,-0.105%
2009-12-28,-0.640%
2009-12-29,0.035%
2009-12-30,-0.805%
2009-12-31,-0.220%
2010-01-04,1.045%
2010-01-05,0.700%
2010-01-06,0.855%
2010-01-07,0.003%
2010-01-08,-0.450%
2010-01-11,0.158%
2010-01-12,-1.095%
2010-01-13,-0.065%
2010-01-14,0.195%
2010-01-15,-1.480%
2010-01-19,0.183%
2010-01-20,-0.505%
2010-01-21,-1.388%
2010-01-22,-0.728%
2010-01-25,-0.290%
2010-01-26,-0.160%
2010-01-27,-0.365%
2010-01-28,-0.443%
2010-01-29,-0.680%
2010-02-01,1.813%
2010-02-02,-0.030%
2010-02-03,-0.675%
2010-02-04,-2.025%
2010-02-05,1.565%
2010-02-08,-0.860%
2010-02-09,1.523%
2010-02-10,-0.595%
2010-02-11,0.613%
2010-02-12,0.443%
2010-02-16,1.668%
2010-02-17,0.053%
2010-02-18,0.680%
2010-02-19,-0.425%
2010-02-22,-0.675%
2010-02-23,-1.458%
2010-02-24,-0.353%
2010-02-25,0.735%
2010-02-26,0.753%
2010-03-01,0.878%
2010-03-02,0.868%
2010-03-03,0.803%
2010-03-04,-0.095%
2010-03-05,0.660%
2010-03-08,0.440%
2010-03-09,-0.138%
2010-03-10,0.195%
2010-03-11,-0.105%
2010-03-12,-0.610%
2010-03-15,-0.213%
2010-03-16,0.550%
2010-03-17,0.373%
2010-03-18,-0.440%
2010-03-19,-0.650%
2010-03-22,1.268%
2010-03-23,0.328%
2010-03-24,-1.465%
2010-03-25,-0.555%
2010-03-26,0.568%
2010-03-29,0.115%
2010-03-30,-0.463%
2010-03-31,0.848%
2010-04-01,0.723%
2010-04-05,0.098%
2010-04-06,0.630%
2010-04-07,-0.048%
2010-04-08,-0.750%
2010-04-09,-0.263%
2010-04-12,0.323%
2010-04-13,0.055%
2010-04-14,0.040%
2010-04-15,0.350%
2010-04-16,-1.195%
2010-04-19,0.265%
2010-04-20,0.285%
2010-04-21,0.413%
2010-04-22,0.450%
2010-04-23,-0.468%
2010-04-26,0.060%
2010-04-27,-0.775%
2010-04-28,0.073%
2010-04-29,1.300%
2010-04-30,-1.148%
2010-05-03,-0.195%
2010-05-04,-1.735%
2010-05-05,-0.513%
2010-05-06,0.353%
2010-05-07,-0.830%
2010-05-10,1.875%
2010-05-11,0.885%
2010-05-12,-0.458%
2010-05-13,-0.580%
2010-05-14,-1.240%
2010-05-17,-0.333%
2010-05-18,-1.000%
2010-05-19,-1.628%
2010-05-20,-2.150%
2010-05-21,-0.030%
2010-05-24,0.088%
2010-05-25,1.458%
2010-05-26,-0.640%
2010-05-27,1.453%
2010-05-28,0.188%
2010-06-01,-0.113%
2010-06-02,-0.290%
2010-06-03,-0.208%
2010-06-04,-1.315%
2010-06-07,0.215%
2010-06-08,1.618%
2010-06-09,-1.458%
2010-06-10,1.698%
2010-06-11,0.405%
2010-06-14,-0.515%
2010-06-15,0.713%
2010-06-16,0.525%
2010-06-17,0.395%
2010-06-18,-0.480%
2010-06-21,-0.818%
2010-06-22,-0.500%
2010-06-23,-0.020%
2010-06-24,-1.175%
2010-06-25,0.365%
2010-06-28,-0.903%
2010-06-29,-1.615%
2010-06-30,0.075%
2010-07-01,-1.370%
2010-07-02,0.335%
2010-07-06,-0.295%
2010-07-07,1.395%
2010-07-08,-0.533%
2010-07-09,1.408%
2010-07-12,-0.393%
2010-07-13,-0.160%
2010-07-14,-0.183%
2010-07-15,0.078%
2010-07-16,-2.440%
2010-07-19,-1.058%
2010-07-20,1.333%
2010-07-21,-0.198%
2010-07-22,0.878%
2010-07-23,0.868%
2010-07-26,-0.183%
2010-07-27,-1.215%
2010-07-28,-0.480%
2010-07-29,0.948%
2010-07-30,-0.348%
2010-08-02,0.660%
2010-08-03,-0.428%
2010-08-04,0.030%
2010-08-05,-0.595%
2010-08-06,-0.160%
2010-08-09,-0.643%
2010-08-10,0.455%
2010-08-11,-1.695%
2010-08-12,-0.535%
2010-08-13,0.738%
2010-08-16,0.655%
2010-08-17,0.045%
2010-08-18,0.845%
2010-08-19,-0.763%
2010-08-20,-1.323%
2010-08-23,-0.148%
2010-08-24,-1.380%
2010-08-25,2.275%
2010-08-26,-0.485%
2010-08-27,0.028%
2010-08-30,-0.178%
2010-08-31,1.068%
2010-09-01,1.130%
2010-09-02,-0.543%
2010-09-03,0.805%
2010-09-07,1.150%
2010-09-08,0.490%
2010-09-09,-0.700%
2010-09-10,-0.570%
2010-09-13,1.135%
2010-09-14,1.010%
2010-09-15,0.235%
2010-09-16,-0.308%
2010-09-17,-1.290%
2010-09-20,0.370%
2010-09-21,0.245%
2010-09-22,1.180%
2010-09-23,-1.400%
2010-09-24,-0.028%
2010-09-27,-0.025%
2010-09-28,0.930%
2010-09-29,0.338%
2010-09-30,-0.340%
2010-10-01,0.725%
2010-10-04,-1.463%
2010-10-05,1.555%
2010-10-06,0.273%
2010-10-07,-0.565%
2010-10-08,0.618%
2010-10-11,0.415%
2010-10-12,0.548%
2010-10-13,0.090%
2010-10-14,-0.408%
2010-10-15,-0.413%
2010-10-18,0.835%
2010-10-19,-1.290%
2010-10-20,0.450%
2010-10-21,0.405%
2010-10-22,0.738%
2010-10-25,-0.388%
2010-10-26,-0.475%
2010-10-27,-0.138%
2010-10-28,0.613%
2010-10-29,0.670%
2010-11-01,-1.488%
2010-11-02,1.200%
2010-11-03,0.345%
2010-11-04,2.810%
2010-11-05,0.165%
2010-11-08,0.555%
2010-11-09,0.063%
2010-11-10,2.183%
2010-11-11,-0.163%
2010-11-12,-0.623%
2010-11-15,-0.143%
2010-11-16,-1.398%
2010-11-17,-0.310%
2010-11-18,0.313%
2010-11-19,1.420%
2010-11-22,-0.055%
2010-11-23,-0.895%
2010-11-24,0.568%
2010-11-26,0.750%
2010-11-29,0.363%
2010-11-30,0.363%
2010-12-01,0.415%
2010-12-02,2.328%
2010-12-03,0.998%
2010-12-06,0.700%
2010-12-07,0.258%
2010-12-08,-0.810%
2010-12-09,2.365%
2010-12-10,0.878%
2010-12-13,0.113%
2010-12-14,-0.998%
2010-12-15,-0.408%
2010-12-16,-0.560%
2010-12-17,0.343%
2010-12-20,0.103%
2010-12-21,0.363%
2010-12-22,0.535%
2010-12-23,-0.760%
2010-12-27,0.383%
2010-12-28,0.173%
2010-12-29,0.210%
2010-12-30,-0.030%
2010-12-31,1.333%
2011-01-03,-0.493%
2011-01-04,-1.055%
2011-01-05,-0.458%
2011-01-06,0.323%
2011-01-07,0.270%
2011-01-10,-0.203%
2011-01-11,1.118%
2011-01-12,0.160%
2011-01-13,-1.190%
2011-01-14,-0.268%
2011-01-18,0.223%
2011-01-19,-1.633%
2011-01-20,-1.105%
2011-01-21,1.198%
2011-01-24,-0.620%
2011-01-25,-0.643%
2011-01-26,1.395%
2011-01-27,0.218%
2011-01-28,-0.133%
2011-01-31,0.653%
2011-02-01,1.975%
2011-02-02,0.273%
2011-02-03,1.375%
2011-02-04,-0.355%
2011-02-07,0.525%
2011-02-08,0.028%
2011-02-09,-0.608%
2011-02-10,-0.245%
2011-02-11,0.008%
2011-02-14,0.680%
2011-02-15,0.143%
2011-02-16,-0.700%
2011-02-17,0.225%
2011-02-18,-0.048%
2011-02-22,-0.708%
2011-02-23,0.388%
2011-02-24,-0.473%
2011-02-25,1.108%
2011-02-28,1.295%
2011-03-01,-0.500%
2011-03-02,0.088%
2011-03-03,0.353%
2011-03-04,-0.208%
2011-03-07,-0.973%
2011-03-08,-0.373%
2011-03-09,-0.663%
2011-03-10,-1.655%
2011-03-11,-0.363%
2011-03-14,0.210%
2011-03-15,-0.065%
2011-03-16,-0.373%
2011-03-17,0.595%
2011-03-18,0.473%
2011-03-21,1.370%
2011-03-22,0.303%
2011-03-23,0.873%
2011-03-24,0.493%
2011-03-25,-0.470%
2011-03-28,-0.875%
2011-03-29,0.518%
2011-03-30,0.295%
2011-03-31,0.828%
2011-04-01,0.745%
2011-04-04,0.280%
2011-04-05,1.278%
2011-04-06,-0.143%
2011-04-07,-0.463%
2011-04-08,-0.208%
2011-04-11,-0.608%
2011-04-12,-1.045%
2011-04-13,-0.605%
2011-04-14,0.055%
2011-04-15,0.450%
2011-04-18,-0.710%
2011-04-19,0.310%
2011-04-20,0.478%
2011-04-21,0.818%
2011-04-25,-1.263%
2011-04-26,0.108%
2011-04-27,0.360%
2011-04-28,0.120%
2011-04-29,0.138%
2011-05-02,-1.130%
2011-05-03,-0.668%
2011-05-04,-0.390%
2011-05-05,-0.535%
2011-05-06,-0.253%
2011-05-09,1.060%
2011-05-10,-0.348%
2011-05-11,-1.988%
2011-05-12,-0.328%
2011-05-13,-0.008%
2011-05-16,-1.010%
2011-05-17,0.005%
2011-05-18,1.155%
2011-05-19,0.250%
2011-05-20,0.060%
2011-05-23,-0.880%
2011-05-24,0.758%
2011-05-25,0.373%
2011-05-26,-0.490%
2011-05-27,0.683%
2011-05-31,0.015%
2011-06-01,-1.030%
2011-06-02,0.315%
2011-06-03,-0.583%
2011-06-06,-0.373%
2011-06-07,-0.280%
2011-06-08,-0.450%
2011-06-09,1.460%
2011-06-10,-1.473%
2011-06-13,-0.968%
2011-06-14,0.493%
2011-06-15,-0.390%
2011-06-16,-0.238%
2011-06-17,0.338%
2011-06-20,-0.663%
2011-06-21,0.968%
2011-06-22,0.790%
2011-06-23,0.908%
2011-06-24,-0.330%
2011-06-27,0.548%
2011-06-28,0.950%
2011-06-29,0.233%
2011-06-30,0.478%
2011-07-01,0.405%
2011-07-05,-0.783%
2011-07-06,-1.093%
2011-07-07,-0.763%
2011-07-08,-0.598%
2011-07-11,0.090%
2011-07-12,0.563%
2011-07-13,-0.013%
2011-07-14,-0.473%
2011-07-15,0.803%
2011-07-18,0.633%
2011-07-19,-0.215%
2011-07-20,1.075%
2011-07-21,-0.550%
2011-07-22,0.775%
2011-07-25,-0.848%
2011-07-26,-1.215%
2011-07-27,-1.493%
2011-07-28,-1.475%
2011-07-29,-0.640%
2011-08-01,-1.175%
2011-08-02,0.265%
2011-08-03,-1.820%
2011-08-04,-4.488%
2011-08-05,-0.853%
2011-08-08,0.160%
2011-08-09,1.300%
2011-08-10,0.008%
2011-08-11,0.545%
2011-08-12,-0.975%
2011-08-15,0.365%
2011-08-16,-1.095%
2011-08-17,0.270%
2011-08-18,-1.415%
2011-08-19,1.480%
2011-08-22,0.550%
2011-08-23,-0.273%
2011-08-24,0.193%
2011-08-25,-1.123%
2011-08-26,1.303%
2011-08-29,0.210%
2011-08-30,-1.098%
2011-08-31,-0.298%
2011-09-01,0.365%
2011-09-02,-0.463%
2011-09-06,-1.175%
2011-09-07,1.428%
2011-09-08,0.790%
2011-09-09,-1.020%
2011-09-12,0.703%
2011-09-13,0.658%
2011-09-14,-1.965%
2011-09-15,0.738%
2011-09-16,-0.600%
2011-09-19,-2.573%
2011-09-20,1.728%
2011-09-21,-0.318%
2011-09-22,-1.150%
2011-09-23,-1.185%
2011-09-26,0.688%
2011-09-27,-0.243%
2011-09-28,-3.723%
2011-09-29,0.003%
2011-09-30,1.075%
2011-10-03,0.193%
2011-10-04,0.735%
2011-10-05,0.940%
2011-10-06,1.898%
2011-10-07,-0.513%
2011-10-10,0.990%
2011-10-11,1.003%
2011-10-12,-0.005%
2011-10-13,-0.655%
2011-10-14,1.550%
2011-10-17,-0.883%
2011-10-18,1.015%
2011-10-19,-1.765%
2011-10-20,-0.973%
2011-10-21,1.933%
2011-10-24,3.600%
2011-10-25,-1.468%
2011-10-26,-0.795%
2011-10-27,-0.243%
2011-10-28,0.678%
2011-10-31,-0.400%
2011-11-01,-0.988%
2011-11-02,0.030%
2011-11-03,1.985%
2011-11-04,-1.808%
2011-11-07,2.325%
2011-11-08,0.173%
2011-11-09,-2.275%
2011-11-10,0.140%
2011-11-11,0.968%
2011-11-14,-1.545%
2011-11-15,0.603%
2011-11-16,-1.670%
2011-11-17,-2.078%
2011-11-18,-0.930%
2011-11-21,0.003%
2011-11-22,-0.980%
2011-11-23,-1.503%
2011-11-25,0.565%
2011-11-28,2.728%
2011-11-29,-1.320%
2011-11-30,3.000%
2011-12-01,-0.313%
2011-12-02,-1.573%
2011-12-05,-0.765%
2011-12-06,1.800%
2011-12-07,-0.040%
2011-12-08,-2.128%
2011-12-09,0.365%
2011-12-12,-0.815%
2011-12-13,-1.750%
2011-12-14,-1.638%
2011-12-15,1.750%
2011-12-16,0.823%
2011-12-19,-1.138%
2011-12-20,2.265%
2011-12-21,-0.475%
2011-12-22,-0.995%
2011-12-23,0.705%
2011-12-27,-0.525%
2011-12-28,-0.285%
2011-12-29,1.755%
2011-12-30,0.038%
2012-01-03,0.918%
2012-01-04,-0.380%
2012-01-05,0.238%
2012-01-06,-0.855%
2012-01-09,0.543%
2012-01-10,-0.323%
2012-01-11,0.315%
2012-01-12,0.613%
2012-01-13,0.470%
2012-01-17,0.533%
2012-01-18,0.740%
2012-01-19,-0.155%
2012-01-20,-0.775%
2012-01-23,-1.190%
2012-01-24,-1.038%
2012-01-25,0.563%
2012-01-26,-0.168%
2012-01-27,0.615%
2012-01-30,-0.675%
2012-01-31,1.855%
2012-02-01,-0.190%
2012-02-02,1.413%
2012-02-03,0.135%
2012-02-06,0.955%
2012-02-07,-1.188%
2012-02-08,0.335%
2012-02-09,-1.098%
2012-02-10,-0.738%
2012-02-13,0.763%
2012-02-14,-0.570%
2012-02-15,0.365%
2012-02-16,-0.440%
2012-02-17,-0.630%
2012-02-21,0.755%
2012-02-22,-0.358%
2012-02-23,0.750%
2012-02-24,0.523%
2012-02-27,0.683%
2012-02-28,-0.045%
2012-02-29,-0.548%
2012-03-01,-0.615%
2012-03-02,-0.285%
2012-03-05,-0.005%
2012-03-06,-0.023%
2012-03-07,0.120%
2012-03-08,1.085%
2012-03-09,1.895%
2012-03-12,-0.180%
2012-03-13,0.738%
2012-03-14,-0.218%
2012-03-15,-0.138%
2012-03-16,-1.053%
2012-03-19,0.015%
2012-03-20,-0.443%
2012-03-21,0.113%
2012-03-22,-1.388%
2012-03-23,0.988%
2012-03-26,0.385%
2012-03-27,0.508%
2012-03-28,-0.825%
2012-03-29,1.093%
2012-03-30,-0.398%
2012-04-02,-0.250%
2012-04-03,-2.495%
2012-04-04,-1.770%
2012-04-05,0.400%
2012-04-09,0.125%
2012-04-10,-0.860%
2012-04-11,-0.558%
2012-04-12,1.800%
2012-04-13,-1.343%
2012-04-16,-0.683%
2012-04-17,0.820%
2012-04-18,-0.778%
2012-04-19,0.255%
2012-04-20,0.180%
2012-04-23,-0.668%
2012-04-24,-0.140%
2012-04-25,0.640%
2012-04-26,0.728%
2012-04-27,-0.090%
2012-04-30,-0.268%
2012-05-01,-0.485%
2012-05-02,-0.448%
2012-05-03,-1.783%
2012-05-04,-0.648%
2012-05-07,0.113%
2012-05-08,-1.548%
2012-05-09,-0.380%
2012-05-10,0.103%
2012-05-11,-0.700%
2012-05-14,-1.670%
2012-05-15,-1.353%
2012-05-16,0.663%
2012-05-17,1.478%
2012-05-18,-1.155%
2012-05-21,1.343%
2012-05-22,-0.448%
2012-05-23,0.585%
2012-05-24,-1.323%
2012-05-25,-0.550%
2012-05-29,-2.023%
2012-05-30,0.285%
2012-05-31,-0.245%
2012-06-01,2.613%
2012-06-04,0.673%
2012-06-05,-0.033%
2012-06-06,-0.440%
2012-06-07,0.380%
2012-06-08,-0.688%
2012-06-11,-0.868%
2012-06-12,0.450%
2012-06-13,0.085%
2012-06-14,0.668%
2012-06-15,0.435%
2012-06-18,0.163%
2012-06-19,0.920%
2012-06-20,-1.183%
2012-06-21,-1.545%
2012-06-22,-0.103%
2012-06-25,-0.845%
2012-06-26,1.188%
2012-06-27,-0.878%
2012-06-28,0.445%
2012-06-29,1.025%
2012-07-02,-0.713%
2012-07-03,0.150%
2012-07-05,-0.770%
2012-07-06,-1.173%
2012-07-09,-0.505%
2012-07-10,-0.895%
2012-07-11,-1.098%
2012-07-12,0.408%
2012-07-13,0.200%
2012-07-16,0.138%
2012-07-17,-0.855%
2012-07-18,-0.488%
2012-07-19,-0.050%
2012-07-20,-0.118%
2012-07-23,-0.583%
2012-07-24,1.593%
2012-07-25,-0.548%
2012-07-26,0.703%
2012-07-27,1.593%
2012-07-30,-0.973%
2012-07-31,0.705%
2012-08-01,-0.875%
2012-08-02,0.370%
2012-08-03,1.235%
2012-08-06,1.420%
2012-08-07,0.218%
2012-08-08,-0.053%
2012-08-09,1.300%
2012-08-10,1.233%
2012-08-13,-0.008%
2012-08-14,-0.613%
2012-08-15,0.393%
2012-08-16,0.840%
2012-08-17,-1.013%
2012-08-20,-0.368%
2012-08-21,0.403%
2012-08-22,-0.375%
2012-08-23,-0.355%
2012-08-24,0.980%
2012-08-27,-0.720%
2012-08-28,-0.818%
2012-08-29,-0.218%
2012-08-30,0.690%
2012-08-31,2.435%
2012-09-04,0.445%
2012-09-05,0.408%
2012-09-06,0.713%
2012-09-07,2.390%
2012-09-10,-1.063%
2012-09-11,1.905%
2012-09-12,-0.215%
2012-09-13,1.540%
2012-09-14,0.630%
2012-09-17,-0.235%
2012-09-18,0.260%
2012-09-19,0.075%
2012-09-20,-0.660%
2012-09-21,-1.188%
2012-09-24,-0.790%
2012-09-25,-0.585%
2012-09-26,-0.335%
2012-09-27,1.013%
2012-09-28,0.225%
2012-10-01,0.595%
2012-10-02,0.705%
2012-10-03,-0.540%
2012-10-04,0.905%
2012-10-05,-0.670%
2012-10-08,-0.403%
2012-10-09,-0.895%
2012-10-10,0.150%
2012-10-11,0.695%
2012-10-12,0.488%
2012-10-15,0.473%
2012-10-16,0.020%
2012-10-17,0.888%
2012-10-18,-1.130%
2012-10-19,-0.128%
2012-10-22,1.348%
2012-10-23,-2.168%
2012-10-24,-1.463%
2012-10-25,1.060%
2012-10-26,-0.165%
2012-10-31,0.088%
2012-11-01,1.108%
2012-11-02,-3.008%
2012-11-05,0.060%
2012-11-06,0.420%
2012-11-07,-0.573%
2012-11-08,-0.425%
2012-11-09,-0.085%
2012-11-12,-0.233%
2012-11-13,-0.478%
2012-11-14,-0.823%
2012-11-15,0.198%
2012-11-16,1.028%
2012-11-19,0.763%
2012-11-20,-0.865%
2012-11-21,0.045%
2012-11-23,0.205%
2012-11-26,0.178%
2012-11-27,-1.123%
2012-11-28,0.805%
2012-11-29,-0.365%
2012-11-30,-0.265%
2012-12-03,-0.505%
2012-12-04,0.823%
2012-12-05,-1.188%
2012-12-06,0.335%
2012-12-07,1.278%
2012-12-10,0.605%
2012-12-11,-0.333%
2012-12-12,1.563%
2012-12-13,-0.010%
2012-12-14,-0.028%
2012-12-17,0.028%
2012-12-18,-1.008%
2012-12-19,-0.113%
2012-12-20,-0.028%
2012-12-21,-0.675%
2012-12-24,-0.285%
2012-12-26,0.433%
2012-12-27,1.093%
2012-12-28,0.215%
2012-12-31,1.345%
2013-01-02,0.810%
2013-01-03,-1.478%
2013-01-04,-0.015%
2013-01-07,-0.355%
2013-01-08,-0.303%
2013-01-09,0.113%
2013-01-10,0.160%
2013-01-11,-0.033%
2013-01-14,0.425%
2013-01-15,-0.335%
2013-01-16,-0.178%
2013-01-17,0.068%
2013-01-18,0.055%
2013-01-22,1.958%
2013-01-23,0.023%
2013-01-24,-0.625%
2013-01-25,-0.215%
2013-01-28,-0.408%
2013-01-29,0.723%
2013-01-30,-0.565%
2013-01-31,0.120%
2013-02-01,0.085%
2013-02-04,-0.620%
2013-02-05,0.393%
2013-02-06,-0.158%
2013-02-07,0.650%
2013-02-08,0.340%
2013-02-11,-0.935%
2013-02-12,0.285%
2013-02-13,-0.225%
2013-02-14,0.083%
2013-02-15,-1.655%
2013-02-19,-0.105%
2013-02-20,-2.603%
2013-02-21,0.063%
2013-02-22,0.263%
2013-02-25,-0.458%
2013-02-26,0.048%
2013-02-27,0.083%
2013-02-28,-0.263%
2013-03-01,0.453%
2013-03-04,-0.013%
2013-03-05,0.993%
2013-03-06,1.163%
2013-03-07,-0.858%
2013-03-08,0.045%
2013-03-11,0.208%
2013-03-12,0.088%
2013-03-13,-1.270%
2013-03-14,-0.018%
2013-03-15,0.448%
2013-03-18,0.048%
2013-03-19,-0.235%
2013-03-20,0.140%
2013-03-21,0.413%
2013-03-22,-0.578%
2013-03-25,-0.270%
2013-03-26,-0.213%
2013-03-27,0.578%
2013-03-28,-0.795%
2013-04-01,-1.208%
2013-04-02,-1.738%
2013-04-03,-0.448%
2013-04-04,0.873%
2013-04-05,0.720%
2013-04-08,-0.405%
2013-04-09,0.148%
2013-04-10,-0.920%
2013-04-11,-0.273%
2013-04-12,-1.738%
2013-04-15,-3.500%
2013-04-16,0.405%
2013-04-17,-1.788%
2013-04-18,0.388%
2013-04-19,0.435%
2013-04-22,0.653%
2013-04-23,-1.085%
2013-04-24,1.318%
2013-04-25,0.450%
2013-04-26,-1.350%
2013-04-29,0.418%
2013-04-30,2.103%
2013-05-01,-0.453%
2013-05-02,0.233%
2013-05-03,0.090%
2013-05-06,0.903%
2013-05-07,0.510%
2013-05-08,1.875%
2013-05-09,-0.003%
2013-05-10,-0.050%
2013-05-13,-1.595%
2013-05-14,0.993%
2013-05-15,-0.523%
2013-05-16,-0.280%
2013-05-17,0.300%
2013-05-20,1.310%
2013-05-21,-0.663%
2013-05-22,1.528%
2013-05-23,-0.065%
2013-05-24,-0.368%
2013-05-28,0.620%
2013-05-29,0.600%
2013-05-30,1.070%
2013-05-31,-1.493%
2013-06-03,0.353%
2013-06-04,0.125%
2013-06-05,0.275%
2013-06-06,0.390%
2013-06-07,-0.203%
2013-06-10,-0.450%
2013-06-11,-1.670%
2013-06-12,0.513%
2013-06-13,0.513%
2013-06-14,0.140%
2013-06-17,1.665%
2013-06-18,0.345%
2013-06-19,-0.490%
2013-06-20,-2.185%
2013-06-21,-0.195%
2013-06-24,-2.173%
2013-06-25,0.255%
2013-06-26,-0.698%
2013-06-27,0.410%
2013-06-28,2.340%
2013-07-01,2.410%
2013-07-02,-2.163%
2013-07-03,0.390%
2013-07-05,0.203%
2013-07-08,-1.385%
2013-07-09,0.608%
2013-07-10,-0.343%
2013-07-11,1.878%
2013-07-12,-1.193%
2013-07-15,0.493%
2013-07-16,0.650%
2013-07-17,-0.748%
2013-07-18,0.295%
2013-07-19,1.823%
2013-07-22,1.798%
2013-07-23,0.288%
2013-07-24,-1.033%
2013-07-25,0.545%
2013-07-26,0.050%
2013-07-29,0.998%
2013-07-30,-1.445%
2013-07-31,0.150%
2013-08-01,-0.475%
2013-08-02,-0.638%
2013-08-05,-0.225%
2013-08-06,-1.543%
2013-08-07,-0.030%
2013-08-08,3.068%
2013-08-09,0.188%
2013-08-12,1.505%
2013-08-13,0.163%
2013-08-14,1.545%
2013-08-15,0.428%
2013-08-16,-0.048%
2013-08-19,-0.160%
2013-08-20,0.388%
2013-08-21,-2.043%
2013-08-22,-0.243%
2013-08-23,1.163%
2013-08-26,-0.185%
2013-08-27,-1.680%
2013-08-28,0.158%
2013-08-29,0.433%
2013-08-30,0.470%
2013-09-03,0.175%
2013-09-04,0.028%
2013-09-05,-0.540%
2013-09-06,0.375%
2013-09-09,0.003%
2013-09-10,-0.600%
2013-09-11,0.153%
2013-09-12,-1.555%
2013-09-13,-0.958%
2013-09-16,0.450%
2013-09-17,0.245%
2013-09-18,2.425%
2013-09-19,-1.288%
2013-09-20,-2.080%
2013-09-23,-0.320%
2013-09-24,-0.613%
2013-09-25,0.168%
2013-09-26,-0.245%
2013-09-27,-0.390%
2013-09-30,-0.605%
2013-10-01,0.258%
2013-10-02,-0.055%
2013-10-03,-0.655%
2013-10-04,0.123%
2013-10-07,0.360%
2013-10-08,-1.235%
2013-10-09,0.318%
2013-10-10,0.845%
2013-10-11,-0.475%
2013-10-14,-0.573%
2013-10-15,0.620%
2013-10-16,0.500%
2013-10-17,0.465%
2013-10-18,-0.130%
2013-10-21,0.715%
2013-10-22,0.905%
2013-10-23,-0.705%
2013-10-24,1.210%
2013-10-25,0.720%
2013-10-28,0.463%
2013-10-29,0.275%
2013-10-30,-0.070%
2013-10-31,-0.800%
2013-11-01,-0.715%
2013-11-04,0.193%
2013-11-05,0.785%
2013-11-06,0.625%
2013-11-07,-0.955%
2013-11-08,-0.060%
2013-11-11,-0.103%
2013-11-12,-0.418%
2013-11-13,-0.030%
2013-11-14,0.965%
2013-11-15,0.363%
2013-11-18,-0.505%
2013-11-19,-0.125%
2013-11-20,-1.268%
2013-11-21,-0.625%
2013-11-22,0.130%
2013-11-25,0.058%
2013-11-26,0.065%
2013-11-27,0.015%
2013-11-29,0.893%
2013-12-02,-1.408%
2013-12-03,-0.018%
2013-12-04,0.328%
2013-12-05,-1.190%
2013-12-06,0.813%
2013-12-09,0.928%
2013-12-10,0.605%
2013-12-11,-0.935%
2013-12-12,-0.788%
2013-12-13,0.583%
2013-12-16,0.633%
2013-12-17,-0.410%
2013-12-18,0.453%
2013-12-19,0.175%
2013-12-20,0.073%
2013-12-23,0.280%
2013-12-24,0.333%
2013-12-26,0.713%
2013-12-27,0.005%
2013-12-30,-0.615%
2013-12-31,0.265%
2014-01-02,0.593%
2014-01-03,-0.075%
2014-01-06,-0.493%
2014-01-07,-0.875%
2014-01-08,-0.713%
2014-01-09,-0.045%
2014-01-10,0.958%
2014-01-13,0.013%
2014-01-14,-0.190%
2014-01-15,0.370%
2014-01-16,0.470%
2014-01-17,-0.115%
2014-01-21,0.063%
2014-01-22,-0.508%
2014-01-23,0.123%
2014-01-24,-1.303%
2014-01-27,-0.630%
2014-01-28,0.460%
2014-01-29,-0.530%
2014-01-30,0.143%
2014-01-31,0.060%
2014-02-03,-0.333%
2014-02-04,0.045%
2014-02-05,-0.260%
2014-02-06,0.848%
2014-02-07,1.538%
2014-02-10,0.580%
2014-02-11,1.423%
2014-02-12,-0.923%
2014-02-13,1.388%
2014-02-14,0.758%
2014-02-18,0.013%
2014-02-19,-0.803%
2014-02-20,0.603%
2014-02-21,-0.430%
2014-02-24,0.085%
2014-02-25,-0.110%
2014-02-26,-0.870%
2014-02-27,0.905%
2014-02-28,-0.003%
2014-03-03,0.563%
2014-03-04,0.640%
2014-03-05,0.028%
2014-03-06,0.103%
2014-03-07,-1.065%
2014-03-10,-0.855%
2014-03-11,-0.238%
2014-03-12,1.003%
2014-03-13,-0.145%
2014-03-14,1.245%
2014-03-17,-0.343%
2014-03-18,-0.193%
2014-03-19,-1.235%
2014-03-20,0.283%
2014-03-21,-0.393%
2014-03-24,-1.628%
2014-03-25,0.805%
2014-03-26,-1.033%
2014-03-27,0.758%
2014-03-28,0.630%
2014-03-31,-0.330%
2014-04-01,-0.075%
2014-04-02,0.075%
2014-04-03,-0.425%
2014-04-04,-0.068%
2014-04-07,-0.515%
2014-04-08,0.555%
2014-04-09,0.618%
2014-04-10,-0.973%
2014-04-11,-0.703%
2014-04-14,1.515%
2014-04-15,-0.268%
2014-04-16,0.168%
2014-04-17,-0.405%
2014-04-21,0.448%
2014-04-22,0.378%
2014-04-23,0.478%
2014-04-24,-0.070%
2014-04-25,-0.148%
2014-04-28,-0.833%
2014-04-29,0.293%
2014-04-30,0.073%
2014-05-01,-0.380%
2014-05-02,0.720%
2014-05-05,0.205%
2014-05-06,-0.283%
2014-05-07,0.115%
2014-05-08,-0.540%
2014-05-09,-0.980%
2014-05-12,0.145%
2014-05-13,0.075%
2014-05-14,0.135%
2014-05-15,-0.798%
2014-05-16,-0.003%
2014-05-19,0.455%
2014-05-20,-0.443%
2014-05-21,-0.273%
2014-05-22,-0.790%
2014-05-23,0.070%
2014-05-27,-0.543%
2014-05-28,0.275%
2014-05-29,1.163%
2014-05-30,0.383%
2014-06-02,-0.365%
2014-06-03,0.063%
2014-06-04,0.163%
2014-06-05,1.010%
2014-06-06,0.263%
2014-06-09,-0.598%
2014-06-10,0.933%
2014-06-11,0.350%
2014-06-12,1.038%
2014-06-13,-0.278%
2014-06-16,0.170%
2014-06-17,0.110%
2014-06-18,0.848%
2014-06-19,0.928%
2014-06-20,-0.528%
2014-06-23,0.188%
2014-06-24,-0.783%
2014-06-25,0.278%
2014-06-26,0.620%
2014-06-27,0.663%
2014-06-30,0.773%
2014-07-01,-0.513%
2014-07-02,-0.418%
2014-07-03,0.070%
2014-07-07,-0.593%
2014-07-08,0.063%
2014-07-09,0.928%
2014-07-10,-0.658%
2014-07-11,0.405%
2014-07-14,-1.115%
2014-07-15,-0.680%
2014-07-16,0.465%
2014-07-17,0.103%
2014-07-18,0.018%
2014-07-21,0.468%
2014-07-22,-0.578%
2014-07-23,0.155%
2014-07-24,-0.728%
2014-07-25,1.573%
2014-07-28,0.005%
2014-07-29,-0.698%
2014-07-30,-0.383%
2014-07-31,-1.265%
2014-08-01,0.023%
2014-08-04,-0.700%
2014-08-05,-0.198%
2014-08-06,0.568%
2014-08-07,0.155%
2014-08-08,0.048%
2014-08-11,0.123%
2014-08-12,-0.355%
2014-08-13,0.878%
2014-08-14,0.088%
2014-08-15,0.050%
2014-08-18,0.128%
2014-08-19,-0.090%
2014-08-20,0.210%
2014-08-21,-0.373%
2014-08-22,-0.488%
2014-08-25,-0.480%
2014-08-26,0.713%
2014-08-27,0.713%
2014-08-28,0.018%
2014-08-29,0.543%
2014-09-02,-0.838%
2014-09-03,-0.063%
2014-09-04,-0.548%
2014-09-05,0.230%
2014-09-08,-0.843%
2014-09-09,0.720%
2014-09-10,-0.570%
2014-09-11,0.020%
2014-09-12,-0.413%
2014-09-15,0.135%
2014-09-16,0.033%
2014-09-17,-0.673%
2014-09-18,-0.675%
2014-09-19,-0.293%
2014-09-22,-1.605%
2014-09-23,0.583%
2014-09-24,-0.528%
2014-09-25,-0.200%
2014-09-26,-1.155%
2014-09-29,-0.160%
2014-09-30,-0.543%
2014-10-01,-0.693%
2014-10-02,-0.755%
2014-10-03,-0.778%
2014-10-06,0.185%
2014-10-07,-1.320%
2014-10-08,1.788%
2014-10-09,-2.465%
2014-10-10,-2.115%
2014-10-13,0.563%
2014-10-14,0.698%
2014-10-15,-0.545%
2014-10-16,0.348%
2014-10-17,-0.268%
2014-10-20,1.180%
2014-10-21,0.583%
2014-10-22,-1.228%
2014-10-23,0.693%
2014-10-24,0.488%
2014-10-27,-0.583%
2014-10-28,1.060%
2014-10-29,-0.818%
2014-10-30,-1.613%
2014-10-31,-1.038%
2014-11-03,0.978%
2014-11-04,-1.788%
2014-11-05,-0.400%
2014-11-06,0.878%
2014-11-07,1.618%
2014-11-10,-1.730%
2014-11-11,0.705%
2014-11-12,0.150%
2014-11-13,-0.370%
2014-11-14,1.768%
2014-11-17,-0.083%
2014-11-18,0.780%
2014-11-19,-1.603%
2014-11-20,0.140%
2014-11-21,0.273%
2014-11-24,-0.815%
2014-11-25,1.158%
2014-11-26,0.748%
2014-11-28,-2.523%
2014-12-01,1.143%
2014-12-02,-0.218%
2014-12-03,0.340%
2014-12-04,-0.673%
2014-12-05,-0.943%
2014-12-08,-0.293%
2014-12-09,0.218%
2014-12-10,-1.190%
2014-12-11,-0.618%
2014-12-12,-0.090%
2014-12-15,-1.548%
2014-12-16,-0.785%
2014-12-17,1.613%
2014-12-18,2.575%
2014-12-19,0.335%
2014-12-22,-1.720%
2014-12-23,-0.523%
2014-12-24,0.335%
2014-12-26,0.580%
2014-12-29,-0.965%
2014-12-30,0.023%
2014-12-31,-1.550%
2015-01-02,0.453%
2015-01-05,0.768%
2015-01-06,0.315%
2015-01-07,-0.918%
2015-01-08,-0.133%
2015-01-09,0.178%
2015-01-12,-0.380%
2015-01-13,-0.498%
2015-01-14,-0.985%
2015-01-15,1.405%
2015-01-16,1.845%
2015-01-20,-0.110%
2015-01-21,-0.145%
2015-01-22,0.380%
2015-01-23,-2.260%
2015-01-26,0.873%
2015-01-27,-0.898%
2015-01-28,-1.353%
2015-01-29,1.320%
2015-01-30,-0.350%
2015-02-02,0.978%
2015-02-03,1.338%
2015-02-04,0.298%
2015-02-05,1.123%
2015-02-06,-1.425%
2015-02-09,-0.048%
2015-02-10,0.558%
2015-02-11,0.743%
2015-02-12,-0.378%
2015-02-13,0.893%
2015-02-17,-0.713%
2015-02-18,-0.613%
2015-02-19,-1.435%
2015-02-20,-0.298%
2015-02-23,0.598%
2015-02-24,-0.570%
2015-02-25,1.593%
2015-02-26,0.223%
2015-02-27,0.375%
2015-03-02,-0.620%
2015-03-03,0.868%
2015-03-04,-1.420%
2015-03-05,-0.935%
2015-03-06,-2.315%
2015-03-09,-0.900%
2015-03-10,-0.933%
2015-03-11,0.658%
2015-03-12,-0.325%
2015-03-13,-1.900%
2015-03-16,0.485%
2015-03-17,-0.853%
2015-03-18,1.163%
2015-03-19,-0.353%
2015-03-20,1.083%
2015-03-23,1.873%
2015-03-24,-1.223%
2015-03-25,-0.670%
2015-03-26,-0.928%
2015-03-27,-0.910%
2015-03-30,0.068%
2015-03-31,-0.983%
2015-04-01,1.540%
2015-04-02,-0.228%
2015-04-06,2.668%
2015-04-07,-1.233%
2015-04-08,-0.235%
2015-04-09,-0.453%
2015-04-10,0.885%
2015-04-13,-1.110%
2015-04-14,-0.163%
2015-04-15,2.033%
2015-04-16,0.283%
2015-04-17,0.335%
2015-04-20,-0.188%
2015-04-21,-0.415%
2015-04-22,-0.558%
2015-04-23,0.890%
2015-04-24,0.648%
2015-04-27,0.843%
2015-04-28,1.593%
2015-04-29,0.643%
2015-04-30,-0.780%
2015-05-01,1.160%
2015-05-04,-0.485%
2015-05-05,-0.953%
2015-05-06,0.580%
2015-05-07,-0.080%
2015-05-08,0.513%
2015-05-11,-0.435%
2015-05-12,-1.033%
2015-05-13,1.203%
2015-05-14,0.620%
2015-05-15,-0.278%
2015-05-18,-0.438%
2015-05-19,-0.710%
2015-05-20,-0.493%
2015-05-21,0.103%
2015-05-22,-0.355%
2015-05-26,-1.510%
2015-05-27,1.570%
2015-05-28,0.763%
2015-05-29,0.855%
2015-06-01,-1.025%
2015-06-02,1.878%
2015-06-03,-0.678%
2015-06-04,-0.063%
2015-06-05,0.565%
2015-06-08,-0.883%
2015-06-09,-0.718%
2015-06-10,0.245%
2015-06-11,-0.710%
2015-06-12,-0.625%
2015-06-15,0.670%
2015-06-16,-0.688%
2015-06-17,1.815%
2015-06-18,0.980%
2015-06-19,-1.328%
2015-06-22,-0.123%
2015-06-23,0.895%
2015-06-24,-1.410%
2015-06-25,-0.325%
2015-06-26,0.745%
2015-06-29,-1.018%
2015-06-30,-1.220%
2015-07-01,-0.890%
2015-07-02,0.140%
2015-07-06,1.368%
2015-07-07,0.383%
2015-07-08,-0.515%
2015-07-09,-0.723%
2015-07-10,-0.253%
2015-07-13,0.328%
2015-07-14,0.175%
2015-07-15,-0.408%
2015-07-16,-0.218%
2015-07-17,-1.413%
2015-07-20,-3.243%
2015-07-21,-0.023%
2015-07-22,-0.683%
2015-07-23,-0.920%
2015-07-24,0.390%
2015-07-27,-1.668%
2015-07-28,-0.160%
2015-07-29,0.060%
2015-07-30,-0.013%
2015-07-31,1.100%
2015-08-03,-1.290%
2015-08-04,-0.920%
2015-08-05,-0.085%
2015-08-06,-0.553%
2015-08-07,-0.155%
2015-08-10,3.253%
2015-08-11,0.090%
2015-08-12,0.853%
2015-08-13,-1.073%
2015-08-14,-0.945%
2015-08-17,0.570%
2015-08-18,-0.918%
2015-08-19,-0.208%
2015-08-20,1.773%
2015-08-21,-1.050%
2015-08-24,-2.918%
2015-08-25,-1.203%
2015-08-26,-0.008%
2015-08-27,1.918%
2015-08-28,1.190%
2015-08-31,-0.215%
2015-09-01,-2.333%
2015-09-02,0.968%
2015-09-03,-1.135%
2015-09-04,-0.465%
2015-09-08,0.483%
2015-09-09,-0.795%
2015-09-10,1.315%
2015-09-11,0.745%
2015-09-14,-1.525%
2015-09-15,-0.915%
2015-09-16,2.743%
2015-09-17,-0.615%
2015-09-18,-0.435%
2015-09-21,-0.765%
2015-09-22,-1.215%
2015-09-23,-1.500%
2015-09-24,0.900%
2015-09-25,-0.573%
2015-09-28,-2.105%
2015-09-29,-0.470%
2015-09-30,1.960%
2015-10-01,-1.010%
2015-10-02,2.343%
2015-10-05,2.323%
2015-10-06,0.725%
2015-10-07,0.290%
2015-10-08,-0.370%
2015-10-09,0.775%
2015-10-12,-0.800%
2015-10-13,-0.200%
2015-10-14,1.503%
2015-10-15,0.945%
2015-10-16,-1.385%
2015-10-19,-1.313%
2015-10-20,1.395%
2015-10-21,-1.160%
2015-10-22,0.210%
2015-10-23,1.125%
2015-10-26,0.233%
2015-10-27,-0.640%
2015-10-28,1.238%
2015-10-29,-0.038%
2015-10-30,0.043%
2015-11-02,0.080%
2015-11-03,1.048%
2015-11-04,-0.520%
2015-11-05,-1.645%
2015-11-06,-0.775%
2015-11-09,-0.210%
2015-11-10,-0.865%
2015-11-11,-0.078%
2015-11-12,-0.978%
2015-11-13,-0.013%
2015-11-16,0.688%
2015-11-17,-1.380%
2015-11-18,0.938%
2015-11-19,0.695%
2015-11-20,-1.238%
2015-11-23,-0.440%
2015-11-24,1.100%
2015-11-25,-0.650%
2015-11-27,-0.623%
2015-11-30,2.310%
2015-12-01,0.563%
2015-12-02,-1.640%
2015-12-03,0.335%
2015-12-04,1.860%
2015-12-07,-0.780%
2015-12-08,-1.793%
2015-12-09,1.253%
2015-12-10,0.800%
2015-12-11,-0.528%
2015-12-14,-1.990%
2015-12-15,-0.068%
2015-12-16,1.360%
2015-12-17,-1.868%
2015-12-18,0.233%
2015-12-21,0.488%
2015-12-22,-0.148%
2015-12-23,1.943%
2015-12-24,0.295%
2015-12-28,-1.653%
2015-12-29,0.103%
2015-12-30,-0.375%
2015-12-31,-1.205%
2016-01-04,0.098%
2016-01-05,-0.498%
2016-01-06,0.573%
2016-01-07,-0.730%
2016-01-08,-1.615%
2016-01-11,-1.255%
2016-01-12,-1.763%
2016-01-13,-0.550%
2016-01-14,-1.250%
2016-01-15,-0.393%
2016-01-19,-1.370%
2016-01-20,0.193%
2016-01-21,-0.115%
2016-01-22,0.723%
2016-01-25,0.163%
2016-01-26,0.920%
2016-01-27,0.880%
2016-01-28,-1.525%
2016-01-29,1.570%
2016-02-01,0.155%
2016-02-02,-1.285%
2016-02-03,0.713%
2016-02-04,0.793%
2016-02-05,0.713%
2016-02-08,-0.485%
2016-02-09,-0.263%
2016-02-10,0.795%
2016-02-11,1.758%
2016-02-12,0.400%
2016-02-16,-1.423%
2016-02-17,1.150%
2016-02-18,0.640%
2016-02-19,-0.623%
2016-02-22,-0.065%
2016-02-23,1.275%
2016-02-24,0.075%
2016-02-25,1.680%
2016-02-26,-0.205%
2016-02-29,0.475%
2016-03-01,0.190%
2016-03-02,1.683%
2016-03-03,-0.055%
2016-03-04,0.985%
2016-03-07,1.108%
2016-03-08,-0.883%
2016-03-09,-0.110%
2016-03-10,0.955%
2016-03-11,-0.278%
2016-03-14,-1.658%
2016-03-15,-0.558%
2016-03-16,2.573%
2016-03-17,0.133%
2016-03-18,-0.948%
2016-03-21,0.483%
2016-03-22,-0.708%
2016-03-23,-2.510%
2016-03-24,1.215%
2016-03-28,-0.940%
2016-03-29,1.918%
2016-03-30,-0.023%
2016-03-31,-1.090%
2016-04-01,1.000%
2016-04-04,-2.183%
2016-04-05,0.528%
2016-04-06,0.888%
2016-04-07,0.900%
2016-04-08,0.635%
2016-04-11,1.678%
2016-04-12,-0.270%
2016-04-13,0.053%
2016-04-14,-0.640%
2016-04-15,2.078%
2016-04-18,0.300%
2016-04-19,2.165%
2016-04-20,-0.335%
2016-04-21,0.360%
2016-04-22,-1.183%
2016-04-25,-0.823%
2016-04-26,0.570%
2016-04-27,1.065%
2016-04-28,-0.193%
2016-04-29,1.468%
2016-05-02,-0.865%
2016-05-03,-0.620%
2016-05-04,-1.448%
2016-05-05,1.040%
2016-05-06,1.015%
2016-05-09,-1.745%
2016-05-10,0.808%
2016-05-11,1.200%
2016-05-12,-0.243%
2016-05-13,1.428%
2016-05-16,0.213%
2016-05-17,0.540%
2016-05-18,-1.698%
2016-05-19,0.520%
2016-05-20,0.338%
2016-05-23,-0.655%
2016-05-24,-1.290%
2016-05-25,0.480%
2016-05-26,0.198%
2016-05-27,-1.263%
2016-05-31,-1.303%
2016-06-01,0.230%
2016-06-02,-0.295%
2016-06-03,2.060%
2016-06-06,-0.093%
2016-06-07,-0.723%
2016-06-08,0.493%
2016-06-09,0.583%
2016-06-10,-0.918%
2016-06-13,-0.155%
2016-06-14,0.335%
2016-06-15,1.640%
2016-06-16,-0.305%
2016-06-17,-0.038%
2016-06-20,1.723%
2016-06-21,-2.378%
2016-06-22,-1.723%
2016-06-23,0.060%
2016-06-24,0.195%
2016-06-27,0.110%
2016-06-28,-0.173%
2016-06-29,-0.328%
2016-06-30,1.340%
2016-07-01,1.063%
2016-07-05,-0.658%
2016-07-06,2.083%
2016-07-07,0.408%
2016-07-08,0.623%
2016-07-11,0.878%
2016-07-12,0.968%
2016-07-13,1.055%
2016-07-14,-0.330%
2016-07-15,0.088%
2016-07-18,0.180%
2016-07-19,-0.163%
2016-07-20,-1.498%
2016-07-21,0.443%
2016-07-22,-0.685%
2016-07-25,-1.230%
2016-07-26,-0.180%
2016-07-27,2.003%
2016-07-28,0.798%
2016-07-29,0.738%
2016-08-01,-0.410%
2016-08-02,1.565%
2016-08-03,0.118%
2016-08-04,-0.280%
2016-08-05,-0.823%
2016-08-08,1.243%
2016-08-09,-0.308%
2016-08-10,0.895%
2016-08-11,0.125%
2016-08-12,-0.345%
2016-08-15,-0.478%
2016-08-16,0.308%
2016-08-17,-1.293%
2016-08-18,1.043%
2016-08-19,-0.425%
2016-08-22,-0.438%
2016-08-23,0.358%
2016-08-24,-3.265%
2016-08-25,-0.063%
2016-08-26,-0.345%
2016-08-29,0.923%
2016-08-30,-0.705%
2016-08-31,-1.495%
2016-09-01,1.060%
2016-09-02,1.530%
2016-09-06,2.198%
2016-09-07,-0.663%
2016-09-08,0.158%
2016-09-09,-3.068%
2016-09-12,1.603%
